<application>
  <component name="UpdatesConfigurable">
    <enabledExternalComponentSources>
      <item value="Android SDK" />
    </enabledExternalComponentSources>
    <option name="externalUpdateChannels">
      <map>
        <entry key="Android SDK" value="Stable Channel" />
      </map>
    </option>
    <knownExternalComponentSources>
      <item value="Android SDK" />
    </knownExternalComponentSources>
    <option name="LAST_BUILD_CHECKED" value="IC-202.7660.26" />
    <option name="LAST_TIME_CHECKED" value="1606907856335" />
    <pluginHosts>
      <item value="https://artifactory.lab.dynatrace.org/artifactory/testautomation-release-local/com/dynatrace/ta/intellij/updatePluginsXml/static/updatePluginsXml-static.xml" />
    </pluginHosts>
    <option name="THIRD_PARTY_PLUGINS_ALLOWED" value="true" />
  </component>
</application>